,length,recall,support
0,12,1.0,1
1,14,0.75,7
2,15,0.9090909090909091,11
3,16,0.6842105263157895,15
4,17,0.7857142857142857,12
5,18,0.8125,13
6,19,0.6,14
7,20,0.7272727272727273,15
8,21,0.5714285714285714,4
9,22,0.7777777777777778,6
10,23,0.6551724137931034,17
11,24,0.7666666666666667,13
12,25,0.64,13
13,26,0.6666666666666666,7
14,27,0.8461538461538461,5
15,28,0.42857142857142855,3
16,29,0.6,2
17,30,0.8888888888888888,4
18,31,0.75,2
19,34,0.5,1
20,36,1.0,1
21,49,0.5,1
